{
    "score": 43.0,
    "metrics": {
        "confidence": 6.4,
        "focus": 66.5,
        "posture": 19.0,
        "anxiety": 13.4
    },
    "tension_events": [
        13.847162961959839,
        15.90678095817566,
        18.716902017593384,
        52.75654220581055
    ]
}